business directories by state locations top states florida   businesses california   businesses texas   businesses new york  0 businesses pennsylvania   businesses advertisements states alabama  companies found  people found alaska  companies found  people found arizona  companies found 0 people found arkansas  companies found  people found california  companies found  people found colorado 0 companies found  people found connecticut  companies found 0 people found delaware  companies found  people found district of columbia 0 companies found  people found florida  companies found 0 people found georgia  companies found 0 people found hawaii  companies found  people found idaho  companies found 0 people found illinois  companies found  people found indiana  companies found  people found iowa  companies found  people found kansas  companies found  people found kentucky 0 companies found 0 people found louisiana  companies found 0 people found maine 0 companies found  people found maryland  companies found 0 people found massachusetts  companies found 0 people found michigan  companies found 0 people found minnesota 0 companies found  people found mississippi  companies found  people found missouri  companies found  people found montana 0 companies found  people found nebraska  companies found  people found nevada  companies found  people found new hampshire  companies found  people found new jersey  companies found 0 people found new mexico  companies found  people found new york 0 companies found  people found north carolina  companies found  people found north dakota  companies found 0 people found ohio  companies found  people found oklahoma  companies found 0 people found oregon 0 companies found  people found pennsylvania  companies found  people found puerto rico  companies found  people found rhode island  companies found  people found south carolina  companies found  people found south dakota  companies found  people found tennessee 0 companies found  people found texas  companies found  people found utah 0 companies found  people found vermont  companies found  people found virginia  companies found  people found washington  companies found 0 people found west virginia  companies found  people found wisconsin  companies found 0 people found wyoming  companies found  people found company directory browse directory by company name a b c d e f g h i j k l m n o p q r s t u v w x y z more people directory names starting with letters a b c d e f g h i j k l m n o p q r s t u v w x y z you must be signed in to print once signed in look for the pdf button business directories by state locations top states florida   businesses california  0 businesses texas   businesses new york   businesses pennsylvania   businesses advertisements states alabama  companies found  people found alaska  companies found  people found arizona  companies found 0 people found arkansas  companies found  people found california 0 companies found  people found colorado 0 companies found  people found connecticut  companies found  people found delaware  companies found  people found district of columbia 0 companies found  people found florida  companies found 0 people found georgia  companies found 0 people found hawaii  companies found  people found idaho  companies found 0 people found illinois  companies found 0 people found indiana  companies found  people found iowa  companies found  people found kansas  companies found  people found kentucky 0 companies found 0 people found louisiana  companies found  people found maine 0 companies found  people found maryland  companies found 0 people found massachusetts  companies found 0 people found michigan  companies found 0 people found minnesota 0 companies found 0 people found mississippi  companies found  people found missouri  companies found  people found montana 0 companies found  people found nebraska  companies found  people found nevada  companies found  people found new hampshire  companies found  people found new jersey  companies found 0 people found new mexico  companies found  people found new york  companies found  people found north carolina  companies found  people found north dakota  companies found 0 people found ohio  companies found  people found oklahoma  companies found 0 people found oregon 0 companies found  people found pennsylvania  companies found  people found puerto rico  companies found  people found rhode island  companies found  people found south carolina  companies found  people found south dakota  companies found  people found tennessee 0 companies found  people found texas  companies found  people found utah 0 companies found  people found vermont  companies found  people found virginia  companies found  people found washington  companies found  people found west virginia  companies found  people found wisconsin  companies found 0 people found wyoming  companies found  people found company directory browse directory by company name a b c d e f g h i j k l m n o p q r s t u v w x y z more people directory names starting with letters a b c d e f g h i j k l m n o p q r s t u v w x y z you must be signed in to print once signed in look for the pdf button dm 0 lombard holdings member llc  other real estate dignan formdscom  sec filings of fundraisings and investments in hedge funds private equity firms startups and growing companies formdscom newest filter local dm 0 lombard holdings member llc industry other real estate see others in industry address  linden street san francisco ca phone  filings date filingtype reported sold incremental cash type exemptions link to raw filing  new   equity only b sec link directors and executives current and past name role danielle dignan executive mark mac donald executive california business directory  companies and people search california business directory advertisements company profiles trending over the last  days silverback 0 pictures llc beverly hills ca people allen hughes entit software llc sunnyvale ca people jeremy k cox christopher hsu remi thomas dar waterfront  associates inc sherman oaks ca people daniel a rivero sturmer pippin investments llc redding ca people h sturmer pippin holding company llc honey and lace llc beaumont ca people richard gail ingram dianne ingram big bay city llc beverly hills ca people kaley cuoco living trust unification technology llc fremont ca dura logistics inc chino ca people eric james price varoujean salatian mpower networks services inc los angeles ca people richard jalkut hs energy llc orange ca people hassan  sons inc the ululu company los angeles ca people matt groening duke partners ii llc redondo beach ca people wedgewood llc gregory l geiser david r wehrly mirando productions llc los gatos ca people netflix studios inc netflix studios llc afinarte music llc ontario ca people jorge gaxiola luis m magallon raterlabs inc pleasanton ca people daren russell jackson monique jackson modgene pharma llc cardiff ca people j gregor sutcliffe brian hilbush defcon of temecula lp temecula ca people jacob goodell alan mcewan breckenridge property fund  llc redondo beach ca people david r wehrly gregory l geiser wedgewood llc salomon investment partners llc los angeles ca people alejandro salomon sisyphus touring inc los angeles ca people jared leto off price apparel inc santa monica ca sonder restaurant bakersfield inc bakersfield ca atz ventures corp city of industry ca people jason ho clear recon corp san diego ca people steven w pite david s dallal arianna l black adventures in wonderland inc los angeles ca people jared leto necronomicom inc los angeles ca people jared leto dli properties llc agoura hills ca people strategic acquisitions gep talent services llc burbank ca people gep atl llc bolt biotherapeutics inc pleasanton ca people peter moldt central coast chronic inc santa maria ca people matthew simas rasier llc san francisco ca people karen walker gautam gupta axel martinez kai os technologies inc irvine ca people daisy tuen yi chan treyball development inc los angeles ca people harry smith kianor shah dmd pc irvine ca people kianor shahmohammadi mr big shot fancy pants productions glendale ca people timothy doyle dome garage llc los angeles ca people nationwide theatres corp not too big to fall association inc sunnyvale ca people nigel johnson tiger financial holdings llc los angeles ca people aysen ozkan brian ozkan trust  brian ozkan trust dated   0 psiquantum corp palo alto ca arirang mongolian buffet llc clovis ca hungry jackal productions inc burbank ca people dustin lance black moorish dignity productions inc los angeles ca people monica owusubreen xcl titling trust san francisco ca people wilmington trust national association xchange leasing llc imperishable crown llc fresno ca people gianeh arakelyan matthew allen garabedian progenitech llc azusa ca people renee ying jeffrey ying renee chen too many uncles llc burbank ca fl galaxy inc walnut ca people lei pei fashion nova inc panorama city ca people richard saghian three sons  a dog inc granada hills ca people fordall cole ford v cole colourpop cosmetics llc ventura ca people john nelson laura nelson recently found companies company city lightning credit solutions llc  days ago los angeles brainesis inc  days ago san gabriel fieldpaoli architects inc  days ago san francisco asm equities inc  days ago los angeles i’ll just open a shop inc  days ago alhambra adamas pharma llc  days ago emeryville ring protect inc  days ago santa monica coresystems usa inc  days ago san francisco reason  sports llc  days ago encino pevii plano block a llc  days ago los angeles vicura dfw llc  days ago corona del mar windsor 0 spe llc  days ago newport beach cwsfg  galleria 0 llc  days ago newport beach teledyne ev inc  days ago milpitas cws galleria 0 lp  days ago newport beach regents 0 spe llc  days ago newport beach msl sacto llc  days ago costa mesa smith legacy llc  days ago encino wip  arbor vista  llc  days ago san francisco hill country elephant preserve  days ago perris gokairav tx llc  days ago tustin eternity bay group llc  days ago danville 00 beast holdings llc  days ago city of industry miami color creations llc  days ago encino beakerbox llc  days ago los angeles moonlights llc  days ago reseda squire financial services llc  days ago la quinta pelican ranch llc  days ago valley village metalk and his friends technology llc  days ago san jose tech financial llc  days ago beverly hills unvig llc  days ago los angeles carlmont hills llc  days ago los altos hills a better community llc  days ago bakersfield golestan properties llc  days ago los gatos financial reporting specialists llc  days ago glendale j  r restaurants llc  days ago bassett alt services llc  days ago pioneer nabuk services llc  days ago bakersfield los angeles basketball academy llc  days ago los angeles golden fabricates llc  days ago turlock memos tires  auto repair llc  days ago kerman hello june films llc  days ago north hollywood odell farms llc  days ago cardiff plebs and largess llc  days ago pacific palisades dillon j shook llc  days ago encino terra luna farms llc  days ago rohnert park atlas behavior services llc  days ago sherman oaks so on music llc  days ago los angeles citygirlgonemom llc  days ago carlsbad cape nano products llc  days ago san diego top cities in california rank city companies found  los angeles   san diego   san francisco   san jose   sacramento   irvine   beverly hills   newport beach   santa monica  0 oakland 0  long beach   fresno 0  santa ana   anaheim   glendale   bakersfield   pasadena   riverside   torrance  0 huntington beach   encino   woodland hills   santa barbara   costa mesa   orange 0  sherman oaks 00  burbank   palo alto 0  fremont  0 carlsbad 0  van nuys 0  corona   santa rosa   north hollywood   san mateo   stockton   santa clara   rancho cucamonga   walnut creek  0 chula vista   la jolla   sunnyvale   fullerton   escondido   garden grove 0  modesto 0  berkeley   west hollywood   temecula 0 0 tustin 0  roseville 0  ontario 0  el cajon 0  redwood city   hayward   arcadia   thousand oaks   oceanside 0  ventura   alhambra 00  san rafael   mission viejo   san bernardino   culver city   redondo beach   gardena   mountain view 0  simi valley   calabasas 00 0 whittier   concord 0  pleasanton 0  san clemente   encinitas   menlo park 0  murrieta   northridge   oxnard   inglewood 0 0 westlake village 0  laguna niguel   redding   fontana   vista   monterey park   studio city   marina del rey   palm desert 0  napa 0  santa cruz   burlingame   san ramon   walnut   tarzana   valencia   san gabriel   los gatos 0  upland 0  salinas 0 00 downey 0 0 elk grove 0 0 san marcos 0  manhattan beach 0 0 rowland heights 0 0 lancaster 00  camarillo 0 0 chatsworth 00 0 laguna hills  0 west covina  0 westminster   lake forest 0  pomona   cupertino   visalia   palm springs   chino 0  la mesa   danville 0  canoga park  0 los altos   fountain valley   cerritos 0  yorba linda   chico   campbell   san leandro   san luis obispo   el monte   diamond bar  0 palmdale   laguna beach   brea   moreno valley   venice   milpitas   el segundo 0  carson   aliso viejo   buena park  0 agoura hills   novato   covina   clovis   livermore   petaluma   redlands 00  folsom   santa maria   south san francisco  0 alameda 0  malibu 0  santa fe springs 0  rancho cordova   citrus heights   chino hills   compton   mill valley   hacienda heights   fairfield   san juan capistrano   victorville   vallejo   la puente   santa clarita   rosemead   poway   monterey   pacific palisades   granada hills  0 south el monte   san pedro   hawthorne   rocklin   tracy   reseda   auburn   hemet 0  dana point   la habra 0 0 vacaville   richmond   lafayette 0  saratoga   daly city 0  del mar   glendora   antioch   solana beach   san carlos   yuba city   city of industry   lodi   rancho palos verdes   carmichael 0  placentia   palos verdes peninsula 0  dublin 0  lakewood 0  norwalk 00 00 hesperia 0 0 fallbrook 0 0 san dimas 0  bellflower 0 0 cypress 0 0 morgan hill 0  fair oaks 0 0 monrovia 0 0 montebello 0 0 grass valley 00 0 sylmar 0  el dorado hills 0  davis 00  rancho santa margarita 0  newbury park 0  sun valley 0  valley village 0  la mirada 0  paso robles 0  apple valley 0 0 indio 0  canyon country 0  hermosa beach 0  union city 00  baldwin park 00  emeryville   south pasadena 0  sausalito   temple city   lake elsinore  0 castro valley 0  rancho santa fe   turlock   sonoma   los alamitos   merced 0  la quinta 0  watsonville 0  claremont   west hills  0 gilroy   corona del mar   santee   rialto   pleasant hill   brentwood   national city   spring valley 0  san marino 0  granite bay  0 rancho mirage 0  martinez   madera   paramount   sebastopol   belmont   south gate   manteca   newark 0  perris   la crescenta   eureka   west sacramento   san bruno   woodland 0  seal beach   goleta   altadena   placerville   cathedral city  0 moorpark 0  huntington park   newhall 0  coronado   north hills   orinda   ramona   aptos   porter ranch   trabuco canyon  0 la verne   panorama city   pittsburg   arroyo grande   yucaipa   colton   azusa   carmel   pico rivera   lincoln   pacoima   truckee   benicia   south lake tahoe   hanford 0  atascadero   lakeside   norco   montclair   winnetka  00 alamo 0 you must be signed in to print once signed in look for the pdf button bizapediacom  human validation companiespeopleproductsservicestrademarksaddressesphone book our system has detected a high number of page requests from your ip address please prove to us that you are a human to continue using our website please send me to the search subscription offer page after i successfully answer the word challenge bizapediapro searchperform unlimited searches via ouradvanced search form withbizapedia pro searchfind out more bizapediapro databuild custom data listsfor one or many stateswith bizapedia pro datafind out more  copyright  00 · bizapediacom · all rights reservedblogpro searchpro apicontact usterms of useprivacy policysitemapdesktop version dm 0 lombard holdings manager llc in san francisco ca  company profile home  us  california  san francisco dm 0 lombard holdings manager llc active san francisco ca follow share pdf excel dm 0 lombard holdings manager llc overview dm 0 lombard holdings manager llc filed as a foreign in the state of california on thursday january   and is approximately one year old according to public records filed with california secretary of state a corporate filing is called a foreign filing when an existing corporate entity files in a state other than the state they originally filed in this does not necessarily mean that they are from outside the united states sponsored  learn more db reports available for dm 0 lombard holdings manager llc excel known addresses for dm 0 lombard holdings manager llc  linden st san francisco ca  advertisements corporate filings for dm 0 lombard holdings manager llc california secretary of state filing type foreign status active state california foreign state delaware state id 0 date filed thursday january   registered agent danielle dignan advertisements source california secretary of state data last refreshed on saturday july  0 what next follow receive an email notification when changes occur for dm 0 lombard holdings manager llc notifications include new company roles change in active status location updates new connections follow create account create a free account to access additional details for dm 0 lombard holdings manager llc and other profiles that you visit benefits include access to more records full screen network visualizer follow profiles see how people are connected create account advertisements  known addresses  linden st san francisco ca  these addresses are known to be associated with dm 0 lombard holdings manager llc however they may be inactive or mailing addresses only please verify address for mailing or other purposes wiki edit this profile  corporate records ca  foreign source california secretary of state top you must be signed in to print once signed in look for the pdf button dm 0 lombard llc in san francisco ca  company profile home  us  california  san francisco dm 0 lombard llc active san francisco ca follow share pdf excel dm 0 lombard llc overview dm 0 lombard llc filed as a foreign in the state of california on thursday january   and is approximately one year old according to public records filed with california secretary of state a corporate filing is called a foreign filing when an existing corporate entity files in a state other than the state they originally filed in this does not necessarily mean that they are from outside the united states sponsored  learn more db reports available for dm 0 lombard llc excel known addresses for dm 0 lombard llc  linden st san francisco ca  advertisements corporate filings for dm 0 lombard llc california secretary of state filing type foreign status active state california foreign state delaware state id  date filed thursday january   registered agent danielle dignan advertisements source california secretary of state data last refreshed on saturday july  0 what next follow receive an email notification when changes occur for dm 0 lombard llc notifications include new company roles change in active status location updates new connections follow create account create a free account to access additional details for dm 0 lombard llc and other profiles that you visit benefits include access to more records full screen network visualizer follow profiles see how people are connected create account advertisements  known addresses  linden st san francisco ca  these addresses are known to be associated with dm 0 lombard llc however they may be inactive or mailing addresses only please verify address for mailing or other purposes wiki edit this profile  corporate records ca  foreign source california secretary of state top you must be signed in to print once signed in look for the pdf button   danielle dignan  newest form ds  sec filings newest filings danielle dignan address  linden street san francisco  ca filings related to danielle dignan datecompanyfiling typeofferedsoldremainingexemption  exlusions dm  van ness holdings member llcnew form d0bviewdm 0 lombard holdings member llcnew form dbview  dm 0 lombard holdings member llc  list of ceos founders and company directors directorpedianet  list of ceos founders board members and company directors dm 0 lombard holdings member llc list of persons related to the company dm 0 lombard holdings member llc find out list of ceos founders board members and company directors of dm 0 lombard holdings member llc cik number 00irs number company address  linden street san francisco phone number  people related to dm 0 lombard holdings member llc namepositionstreetcitycountrydignan danielle linden street san franciscocamacdonald mark linden street san franciscoca dm 0 lombard holdings member llc on the web related companiesdm  van ness holdings member llc dm natural products inc dm residential fund ii llc dmc beverage corp dmc green inc dmcp quantum fund i investor llc dmd therapeutics inc dmg legacy international ltd dmh international inc dmi dx llc dmi life sciences inc dmk burger bar i llc dmk navy pier llc dml fund llc dmp acquisition llc macdonald mark  ceo founder businessman  profile directorpedianet  list of ceos founders board members and company directors macdonald mark check out list of companies and businesses related to macdonald mark find out macdonald mark address and contact details view other people related to macdonald mark  coworkers colleagues companions etc address  linden street san francisco  ca companies related to macdonald mark cikcompany namepositioncompany address00dm  van ness holdings member llc linden street san francisco 00dm 0 lombard holdings member llc linden street san francisco  macdonald mark on the web persons related to macdonald mark  dm  van ness holdings member llcnamepositioncitydignan daniellesan franciscomacdonald marksan franciscopersons related to macdonald mark  dm 0 lombard holdings member llcnamepositioncitydignan daniellesan franciscomacdonald marksan francisco potentially same personnamecitycountrymacdonald markdurhamnc other people with surname macdonaldmacdonald dan macdonald robert macdonald john macdonald tyson macdonald ian macdonald scott macdonald john macdonald john macdonald douglas macdonald brian macdonald r macdonald stephen macdonald mimi macdonald john macdonald wm macdonald martin macdonald brian macdonald guy macdonald angus macdonald william macdonald john macdonald keith macdonald paul macdonald a macdonald robert macdonald robin macdonald john macdonald keith macdonald roderick don macdonald rj macdonald robert macdonald garrett macdonald willard macdonald robert macdonald dean macdonald patrick macdonald j macdonald john macdonald ross macdonald ross macdonald h macdonald john macdonald william macdonald robin macdonald douglas macdonald brian macdonald joseph macdonald brooke macdonald hugh macdonald reginald san francisco california business directory  companies and people search san francisco ca business directory home  us  california advertisements company profiles trending over the last  days rasier llc san francisco ca people karen walker gautam gupta axel martinez xcl titling trust san francisco ca people wilmington trust national association xchange leasing llc gotham enterprise llc san francisco ca people glenn j meyers garvett meyers seneca and marcus llc san francisco ca people timothy ferriss alta malbec inc xchange leasing llc san francisco ca people gautam gupta todd hamblet brent west smiggle usa inc san francisco ca people glenys joy shearer  west partners llc san francisco ca fieldpaoli architects inc san francisco ca people robert e anderson william e brigham yann e tylor coresystems usa inc san francisco ca people manuel grenacher varo money inc san francisco ca people colin d walsh kevin moss cary j davis vsl properties llc san francisco ca people warren le garie wip  arbor vista  llc san francisco ca people elizabeth meier fortytwo consulting llc san francisco ca people michael ryan cooper thomsen ryan hudson entertainment data oracle inc san francisco ca people daniel nadler awesome gapps inc san francisco ca people romain vialard cp iv corson street llc san francisco ca people cp investment reit jozu llc san francisco ca people paul t marinelli philip simon barry mori pf eis llc san francisco ca people mckesson technologies inc pk mckesson technologies inc redaptive inc san francisco ca people arvin vohra skyryse inc san francisco ca people mark groden afflight llc san francisco ca people alan m rutledge commune services llc san francisco ca people commune hotels and resorts llc niki leondakis stephen t conley od texas f llc san francisco ca people opendoor labs inc align real estate llc san francisco ca people jason chadorchi david balducci devid balducci brandless inc san francisco ca golden state health alliance llc san francisco ca pakal technologies llc san francisco ca od texas d llc san francisco ca people od equity owner d llc gm cruise llc san francisco ca people general motors holdings llc quswami inc san francisco ca people jawahar m gidwani mark e gould kibby road llc san francisco ca people timothy razzari billie k razzari gristen razzari fazal fc marketplace llc san francisco ca people samuel haven hodges john arens conor french arcellx inc san francisco ca people simeon j george bit body inc san francisco ca people miles penn sikand restaurant llc san francisco ca people kunal sikand kuanl sikand aalok sikand atlas renewable power llc san francisco ca people maxime alexis bakker karin blue llc san francisco ca people hannah babinicz ursa fund management llc san francisco ca people andrew hahn russell douglas dnarx llc san francisco ca realnexus inc san francisco ca people thomas patrcik byrne thomas p bryne zymergen inc san francisco ca people joshua hoffman the kivelstadt group san francisco ca people nancy l kivelson thomas franklin angstadt alta malbec inc san francisco ca people timothy ferriss branch hill capital llc san francisco ca people ron beller gretchen international inc san francisco ca people leon gladshteyn leonid gladshteyn prespoint capital llc san francisco ca people josh fisher 0 securities llc san francisco ca people 0 capmarkets llc orpheus therapeutics inc san francisco ca people martin schroeder zz ventures inc san francisco ca people ke wang ziel process solutions llc san francisco ca recently found companies in san francisco company found fieldpaoli architects inc  days ago coresystems usa inc  days ago wip  arbor vista  llc  days ago odecloud llc  days ago unplugx llc  days ago rp napa solar  llc  days ago hot tub paddys llc  days ago sarpa partnership lp  days ago glampervan llc  days ago january properties iii llc  days ago sf bay acquisitions fund llc  days ago rp napa solar  llc  days ago rentblis llc  days ago sunnydale block  housing partnership lp  days ago 0 haight llc  days ago vantage residences llc  days ago january properties ii llc  days ago riho partners llc  days ago rp napa solar  llc  days ago pacific crypto llc  days ago artoto transportation llc  days ago new ground strategies llc  days ago cypress fund llc  days ago idesli llc  days ago 0 california street llc  days ago baytech construction llc  days ago sc cellars llc  days ago go happy kids llc  days ago  golf links road llc  days ago kayak bros llc the  days ago our work hub llc  days ago broke but grand llc  days ago apples and oranges presents llc  days ago fog coast productions llc  days ago island society organics llc  days ago soil and seed llc  days ago bain theory consulting llc  days ago esco foods llc  days ago zwaschen guarantor llc  days ago sweetnesssf llc  days ago hooray sock company llc  days ago tohigh property sf llc  days ago bwd fremont llc  days ago emefer llc  days ago bwd bascom llc  days ago nowa huta llc  days ago bwd th street llc  days ago seid ink llc  days ago bristol salinas llc  days ago mgcinc llc  days ago top cities in california rank city companies found  los angeles   san diego   san francisco   san jose   sacramento   irvine   beverly hills   newport beach   santa monica  0 oakland 0  long beach   fresno 0  santa ana   anaheim   glendale   bakersfield   pasadena   riverside   torrance  0 huntington beach   encino   woodland hills   santa barbara   costa mesa   orange 0  sherman oaks 00  burbank   palo alto 0  fremont  0 carlsbad 0  van nuys 0  corona   santa rosa   north hollywood   san mateo   stockton   santa clara   rancho cucamonga   walnut creek  0 chula vista   la jolla   sunnyvale   fullerton   escondido   garden grove 0  modesto 0  berkeley   west hollywood   temecula 0 0 tustin 0  roseville 0  ontario 0  el cajon 0  redwood city   hayward   arcadia   thousand oaks   oceanside 0  ventura   alhambra 00  san rafael   mission viejo   san bernardino   culver city   redondo beach   gardena   mountain view 0  simi valley   calabasas 00 0 whittier   concord 0  pleasanton 0  san clemente   encinitas   menlo park 0  murrieta   northridge   oxnard   inglewood 0 0 westlake village 0  laguna niguel   redding   fontana   vista   monterey park   studio city   marina del rey   palm desert 0  napa 0  santa cruz   burlingame   san ramon   walnut   tarzana   valencia   san gabriel   los gatos 0  upland 0  salinas 0 00 downey 0 0 elk grove 0 0 san marcos 0  manhattan beach 0 0 rowland heights 0 0 lancaster 00  camarillo 0 0 chatsworth 00 0 laguna hills  0 west covina  0 westminster   lake forest 0  pomona   cupertino   visalia   palm springs   chino 0  la mesa   danville 0  canoga park  0 los altos   fountain valley   cerritos 0  yorba linda   chico   campbell   san leandro   san luis obispo   el monte   diamond bar  0 palmdale   laguna beach   brea   moreno valley   venice   milpitas   el segundo 0  carson   aliso viejo   buena park  0 agoura hills   novato   covina   clovis   livermore   petaluma   redlands 00  folsom   santa maria   south san francisco  0 alameda 0  malibu 0  santa fe springs 0  rancho cordova   citrus heights   chino hills   compton   mill valley   hacienda heights   fairfield   san juan capistrano   victorville   vallejo   la puente   santa clarita   rosemead   poway   monterey   pacific palisades   granada hills  0 south el monte   san pedro   hawthorne   rocklin   tracy   reseda   auburn   hemet 0  dana point   la habra 0 0 vacaville   richmond   lafayette 0  saratoga   daly city 0  del mar   glendora   antioch   solana beach   san carlos   yuba city   city of industry   lodi   rancho palos verdes   carmichael 0  placentia   palos verdes peninsula 0  dublin 0  lakewood 0  norwalk 00 00 hesperia 0 0 fallbrook 0 0 san dimas 0  bellflower 0 0 cypress 0 0 morgan hill 0  fair oaks 0 0 monrovia 0 0 montebello 0 0 grass valley 00 0 sylmar 0  el dorado hills 0  davis 00  rancho santa margarita 0  newbury park 0  sun valley 0  valley village 0  la mirada 0  paso robles 0  apple valley 0 0 indio 0  canyon country 0  hermosa beach 0  union city 00  baldwin park 00  emeryville   south pasadena 0  sausalito   temple city   lake elsinore  0 castro valley 0  rancho santa fe   turlock   sonoma   los alamitos   merced 0  la quinta 0  watsonville 0  claremont   west hills  0 gilroy   corona del mar   santee   rialto   pleasant hill   brentwood   national city   spring valley 0  san marino 0  granite bay  0 rancho mirage 0  martinez   madera   paramount   sebastopol   belmont   south gate   manteca   newark 0  perris   la crescenta   eureka   west sacramento   san bruno   woodland 0  seal beach   goleta   altadena   placerville   cathedral city  0 moorpark 0  huntington park   newhall 0  coronado   north hills   orinda   ramona   aptos   porter ranch   trabuco canyon  0 la verne   panorama city   pittsburg   arroyo grande   yucaipa   colton   azusa   carmel   pico rivera   lincoln   pacoima   truckee   benicia   south lake tahoe   hanford 0  atascadero   lakeside   norco   montclair   winnetka  00 alamo 0 you must be signed in to print once signed in look for the pdf button california business directory  companies and people search california business directory advertisements company profiles trending over the last  days silverback 0 pictures llc beverly hills ca people allen hughes entit software llc sunnyvale ca people jeremy k cox christopher hsu remi thomas dar waterfront  associates inc sherman oaks ca people daniel a rivero sturmer pippin investments llc redding ca people h sturmer pippin holding company llc honey and lace llc beaumont ca people richard gail ingram dianne ingram big bay city llc beverly hills ca people kaley cuoco living trust unification technology llc fremont ca dura logistics inc chino ca people eric james price varoujean salatian mpower networks services inc los angeles ca people richard jalkut hs energy llc orange ca people hassan  sons inc the ululu company los angeles ca people matt groening duke partners ii llc redondo beach ca people wedgewood llc gregory l geiser david r wehrly mirando productions llc los gatos ca people netflix studios inc netflix studios llc afinarte music llc ontario ca people jorge gaxiola luis m magallon raterlabs inc pleasanton ca people daren russell jackson monique jackson modgene pharma llc cardiff ca people j gregor sutcliffe brian hilbush defcon of temecula lp temecula ca people jacob goodell alan mcewan breckenridge property fund  llc redondo beach ca people david r wehrly gregory l geiser wedgewood llc salomon investment partners llc los angeles ca people alejandro salomon sisyphus touring inc los angeles ca people jared leto off price apparel inc santa monica ca sonder restaurant bakersfield inc bakersfield ca atz ventures corp city of industry ca people jason ho clear recon corp san diego ca people steven w pite david s dallal arianna l black adventures in wonderland inc los angeles ca people jared leto necronomicom inc los angeles ca people jared leto dli properties llc agoura hills ca people strategic acquisitions gep talent services llc burbank ca people gep atl llc bolt biotherapeutics inc pleasanton ca people peter moldt central coast chronic inc santa maria ca people matthew simas rasier llc san francisco ca people karen walker gautam gupta axel martinez kai os technologies inc irvine ca people daisy tuen yi chan treyball development inc los angeles ca people harry smith kianor shah dmd pc irvine ca people kianor shahmohammadi mr big shot fancy pants productions glendale ca people timothy doyle dome garage llc los angeles ca people nationwide theatres corp not too big to fall association inc sunnyvale ca people nigel johnson tiger financial holdings llc los angeles ca people aysen ozkan brian ozkan trust  brian ozkan trust dated   0 psiquantum corp palo alto ca arirang mongolian buffet llc clovis ca hungry jackal productions inc burbank ca people dustin lance black moorish dignity productions inc los angeles ca people monica owusubreen xcl titling trust san francisco ca people wilmington trust national association xchange leasing llc imperishable crown llc fresno ca people gianeh arakelyan matthew allen garabedian progenitech llc azusa ca people renee ying jeffrey ying renee chen too many uncles llc burbank ca fl galaxy inc walnut ca people lei pei fashion nova inc panorama city ca people richard saghian three sons  a dog inc granada hills ca people fordall cole ford v cole colourpop cosmetics llc ventura ca people john nelson laura nelson recently found companies company city lightning credit solutions llc  days ago los angeles brainesis inc  days ago san gabriel fieldpaoli architects inc  days ago san francisco asm equities inc  days ago los angeles i’ll just open a shop inc  days ago alhambra adamas pharma llc  days ago emeryville ring protect inc  days ago santa monica coresystems usa inc  days ago san francisco reason  sports llc  days ago encino pevii plano block a llc  days ago los angeles vicura dfw llc  days ago corona del mar windsor 0 spe llc  days ago newport beach cwsfg  galleria 0 llc  days ago newport beach teledyne ev inc  days ago milpitas cws galleria 0 lp  days ago newport beach regents 0 spe llc  days ago newport beach msl sacto llc  days ago costa mesa smith legacy llc  days ago encino wip  arbor vista  llc  days ago san francisco hill country elephant preserve  days ago perris gokairav tx llc  days ago tustin eternity bay group llc  days ago danville 00 beast holdings llc  days ago city of industry miami color creations llc  days ago encino beakerbox llc  days ago los angeles moonlights llc  days ago reseda squire financial services llc  days ago la quinta pelican ranch llc  days ago valley village metalk and his friends technology llc  days ago san jose tech financial llc  days ago beverly hills unvig llc  days ago los angeles carlmont hills llc  days ago los altos hills a better community llc  days ago bakersfield golestan properties llc  days ago los gatos financial reporting specialists llc  days ago glendale j  r restaurants llc  days ago bassett alt services llc  days ago pioneer nabuk services llc  days ago bakersfield los angeles basketball academy llc  days ago los angeles golden fabricates llc  days ago turlock memos tires  auto repair llc  days ago kerman hello june films llc  days ago north hollywood odell farms llc  days ago cardiff plebs and largess llc  days ago pacific palisades dillon j shook llc  days ago encino terra luna farms llc  days ago rohnert park atlas behavior services llc  days ago sherman oaks so on music llc  days ago los angeles citygirlgonemom llc  days ago carlsbad cape nano products llc  days ago san diego top cities in california rank city companies found  los angeles   san diego   san francisco   san jose   sacramento   irvine   beverly hills   newport beach   santa monica  0 oakland 0  long beach   fresno 0  santa ana   anaheim   glendale   bakersfield   pasadena   riverside   torrance  0 huntington beach   encino   woodland hills   santa barbara   costa mesa   orange 0  sherman oaks 00  burbank   palo alto 0  fremont  0 carlsbad 0  van nuys 0  corona   santa rosa   north hollywood   san mateo   stockton   santa clara   rancho cucamonga   walnut creek  0 chula vista   la jolla   sunnyvale   fullerton   escondido   garden grove 0  modesto 0  berkeley   west hollywood   temecula 0 0 tustin 0  roseville 0  ontario 0  el cajon 0  redwood city   hayward   arcadia   thousand oaks   oceanside 0  ventura   alhambra 00  san rafael   mission viejo   san bernardino   culver city   redondo beach   gardena   mountain view 0  simi valley   calabasas 00 0 whittier   concord 0  pleasanton 0  san clemente   encinitas   menlo park 0  murrieta   northridge   oxnard   inglewood 0 0 westlake village 0  laguna niguel   redding   fontana   vista   monterey park   studio city   marina del rey   palm desert 0  napa 0  santa cruz   burlingame   san ramon   walnut   tarzana   valencia   san gabriel   los gatos 0  upland 0  salinas 0 00 downey 0 0 elk grove 0 0 san marcos 0  manhattan beach 0 0 rowland heights 0 0 lancaster 00  camarillo 0 0 chatsworth 00 0 laguna hills  0 west covina  0 westminster   lake forest 0  pomona   cupertino   visalia   palm springs   chino 0  la mesa   danville 0  canoga park  0 los altos   fountain valley   cerritos 0  yorba linda   chico   campbell   san leandro   san luis obispo   el monte   diamond bar  0 palmdale   laguna beach   brea   moreno valley   venice   milpitas   el segundo 0  carson   aliso viejo   buena park  0 agoura hills   novato   covina   clovis   livermore   petaluma   redlands 00  folsom   santa maria   south san francisco  0 alameda 0  malibu 0  santa fe springs 0  rancho cordova   citrus heights   chino hills   compton   mill valley   hacienda heights   fairfield   san juan capistrano   victorville   vallejo   la puente   santa clarita   rosemead   poway   monterey   pacific palisades   granada hills  0 south el monte   san pedro   hawthorne   rocklin   tracy   reseda   auburn   hemet 0  dana point   la habra 0 0 vacaville   richmond   lafayette 0  saratoga   daly city 0  del mar   glendora   antioch   solana beach   san carlos   yuba city   city of industry   lodi   rancho palos verdes   carmichael 0  placentia   palos verdes peninsula 0  dublin 0  lakewood 0  norwalk 00 00 hesperia 0 0 fallbrook 0 0 san dimas 0  bellflower 0 0 cypress 0 0 morgan hill 0  fair oaks 0 0 monrovia 0 0 montebello 0 0 grass valley 00 0 sylmar 0  el dorado hills 0  davis 00  rancho santa margarita 0  newbury park 0  sun valley 0  valley village 0  la mirada 0  paso robles 0  apple valley 0 0 indio 0  canyon country 0  hermosa beach 0  union city 00  baldwin park 00  emeryville   south pasadena 0  sausalito   temple city   lake elsinore  0 castro valley 0  rancho santa fe   turlock   sonoma   los alamitos   merced 0  la quinta 0  watsonville 0  claremont   west hills  0 gilroy   corona del mar   santee   rialto   pleasant hill   brentwood   national city   spring valley 0  san marino 0  granite bay  0 rancho mirage 0  martinez   madera   paramount   sebastopol   belmont   south gate   manteca   newark 0  perris   la crescenta   eureka   west sacramento   san bruno   woodland 0  seal beach   goleta   altadena   placerville   cathedral city  0 moorpark 0  huntington park   newhall 0  coronado   north hills   orinda   ramona   aptos   porter ranch   trabuco canyon  0 la verne   panorama city   pittsburg   arroyo grande   yucaipa   colton   azusa   carmel   pico rivera   lincoln   pacoima   truckee   benicia   south lake tahoe   hanford 0  atascadero   lakeside   norco   montclair   winnetka  00 alamo 0 you must be signed in to print once signed in look for the pdf button san francisco california business directory  companies and people search san francisco ca business directory home  us  california advertisements company profiles trending over the last  days rasier llc san francisco ca people karen walker gautam gupta axel martinez xcl titling trust san francisco ca people wilmington trust national association xchange leasing llc gotham enterprise llc san francisco ca people glenn j meyers garvett meyers seneca and marcus llc san francisco ca people timothy ferriss alta malbec inc xchange leasing llc san francisco ca people gautam gupta todd hamblet brent west smiggle usa inc san francisco ca people glenys joy shearer  west partners llc san francisco ca fieldpaoli architects inc san francisco ca people robert e anderson william e brigham yann e tylor coresystems usa inc san francisco ca people manuel grenacher varo money inc san francisco ca people colin d walsh kevin moss cary j davis vsl properties llc san francisco ca people warren le garie wip  arbor vista  llc san francisco ca people elizabeth meier fortytwo consulting llc san francisco ca people michael ryan cooper thomsen ryan hudson entertainment data oracle inc san francisco ca people daniel nadler awesome gapps inc san francisco ca people romain vialard cp iv corson street llc san francisco ca people cp investment reit jozu llc san francisco ca people paul t marinelli philip simon barry mori pf eis llc san francisco ca people mckesson technologies inc pk mckesson technologies inc redaptive inc san francisco ca people arvin vohra skyryse inc san francisco ca people mark groden afflight llc san francisco ca people alan m rutledge commune services llc san francisco ca people commune hotels and resorts llc niki leondakis stephen t conley od texas f llc san francisco ca people opendoor labs inc align real estate llc san francisco ca people jason chadorchi david balducci devid balducci brandless inc san francisco ca golden state health alliance llc san francisco ca pakal technologies llc san francisco ca od texas d llc san francisco ca people od equity owner d llc gm cruise llc san francisco ca people general motors holdings llc quswami inc san francisco ca people jawahar m gidwani mark e gould kibby road llc san francisco ca people timothy razzari billie k razzari gristen razzari fazal fc marketplace llc san francisco ca people samuel haven hodges john arens conor french arcellx inc san francisco ca people simeon j george bit body inc san francisco ca people miles penn sikand restaurant llc san francisco ca people kunal sikand kuanl sikand aalok sikand atlas renewable power llc san francisco ca people maxime alexis bakker karin blue llc san francisco ca people hannah babinicz ursa fund management llc san francisco ca people andrew hahn russell douglas dnarx llc san francisco ca realnexus inc san francisco ca people thomas patrcik byrne thomas p bryne zymergen inc san francisco ca people joshua hoffman the kivelstadt group san francisco ca people nancy l kivelson thomas franklin angstadt alta malbec inc san francisco ca people timothy ferriss branch hill capital llc san francisco ca people ron beller gretchen international inc san francisco ca people leon gladshteyn leonid gladshteyn prespoint capital llc san francisco ca people josh fisher 0 securities llc san francisco ca people 0 capmarkets llc orpheus therapeutics inc san francisco ca people martin schroeder zz ventures inc san francisco ca people ke wang ziel process solutions llc san francisco ca recently found companies in san francisco company found fieldpaoli architects inc  days ago coresystems usa inc  days ago wip  arbor vista  llc  days ago odecloud llc  days ago unplugx llc  days ago rp napa solar  llc  days ago hot tub paddys llc  days ago sarpa partnership lp  days ago glampervan llc  days ago january properties iii llc  days ago sf bay acquisitions fund llc  days ago rp napa solar  llc  days ago rentblis llc  days ago sunnydale block  housing partnership lp  days ago 0 haight llc  days ago vantage residences llc  days ago january properties ii llc  days ago riho partners llc  days ago rp napa solar  llc  days ago pacific crypto llc  days ago artoto transportation llc  days ago new ground strategies llc  days ago cypress fund llc  days ago idesli llc  days ago 0 california street llc  days ago baytech construction llc  days ago sc cellars llc  days ago go happy kids llc  days ago  golf links road llc  days ago kayak bros llc the  days ago our work hub llc  days ago broke but grand llc  days ago apples and oranges presents llc  days ago fog coast productions llc  days ago island society organics llc  days ago soil and seed llc  days ago bain theory consulting llc  days ago esco foods llc  days ago zwaschen guarantor llc  days ago sweetnesssf llc  days ago hooray sock company llc  days ago tohigh property sf llc  days ago bwd fremont llc  days ago emefer llc  days ago bwd bascom llc  days ago nowa huta llc  days ago bwd th street llc  days ago seid ink llc  days ago bristol salinas llc  days ago mgcinc llc  days ago top cities in california rank city companies found  los angeles   san diego   san francisco   san jose   sacramento   irvine   beverly hills   newport beach   santa monica  0 oakland 0  long beach   fresno 0  santa ana   anaheim   glendale   bakersfield   pasadena   riverside   torrance  0 huntington beach   encino   woodland hills   santa barbara   costa mesa   orange 0  sherman oaks 00  burbank   palo alto 0  fremont  0 carlsbad 0  van nuys 0  corona   santa rosa   north hollywood   san mateo   stockton   santa clara   rancho cucamonga   walnut creek  0 chula vista   la jolla   sunnyvale   fullerton   escondido   garden grove 0  modesto 0  berkeley   west hollywood   temecula 0 0 tustin 0  roseville 0  ontario 0  el cajon 0  redwood city   hayward   arcadia   thousand oaks   oceanside 0  ventura   alhambra 00  san rafael   mission viejo   san bernardino   culver city   redondo beach   gardena   mountain view 0  simi valley   calabasas 00 0 whittier   concord 0  pleasanton 0  san clemente   encinitas   menlo park 0  murrieta   northridge   oxnard   inglewood 0 0 westlake village 0  laguna niguel   redding   fontana   vista   monterey park   studio city   marina del rey   palm desert 0  napa 0  santa cruz   burlingame   san ramon   walnut   tarzana   valencia   san gabriel   los gatos 0  upland 0  salinas 0 00 downey 0 0 elk grove 0 0 san marcos 0  manhattan beach 0 0 rowland heights 0 0 lancaster 00  camarillo 0 0 chatsworth 00 0 laguna hills  0 west covina  0 westminster   lake forest 0  pomona   cupertino   visalia   palm springs   chino 0  la mesa   danville 0  canoga park  0 los altos   fountain valley   cerritos 0  yorba linda   chico   campbell   san leandro   san luis obispo   el monte   diamond bar  0 palmdale   laguna beach   brea   moreno valley   venice   milpitas   el segundo 0  carson   aliso viejo   buena park  0 agoura hills   novato   covina   clovis   livermore   petaluma   redlands 00  folsom   santa maria   south san francisco  0 alameda 0  malibu 0  santa fe springs 0  rancho cordova   citrus heights   chino hills   compton   mill valley   hacienda heights   fairfield   san juan capistrano   victorville   vallejo   la puente   santa clarita   rosemead   poway   monterey   pacific palisades   granada hills  0 south el monte   san pedro   hawthorne   rocklin   tracy   reseda   auburn   hemet 0  dana point   la habra 0 0 vacaville   richmond   lafayette 0  saratoga   daly city 0  del mar   glendora   antioch   solana beach   san carlos   yuba city   city of industry   lodi   rancho palos verdes   carmichael 0  placentia   palos verdes peninsula 0  dublin 0  lakewood 0  norwalk 00 00 hesperia 0 0 fallbrook 0 0 san dimas 0  bellflower 0 0 cypress 0 0 morgan hill 0  fair oaks 0 0 monrovia 0 0 montebello 0 0 grass valley 00 0 sylmar 0  el dorado hills 0  davis 00  rancho santa margarita 0  newbury park 0  sun valley 0  valley village 0  la mirada 0  paso robles 0  apple valley 0 0 indio 0  canyon country 0  hermosa beach 0  union city 00  baldwin park 00  emeryville   south pasadena 0  sausalito   temple city   lake elsinore  0 castro valley 0  rancho santa fe   turlock   sonoma   los alamitos   merced 0  la quinta 0  watsonville 0  claremont   west hills  0 gilroy   corona del mar   santee   rialto   pleasant hill   brentwood   national city   spring valley 0  san marino 0  granite bay  0 rancho mirage 0  martinez   madera   paramount   sebastopol   belmont   south gate   manteca   newark 0  perris   la crescenta   eureka   west sacramento   san bruno   woodland 0  seal beach   goleta   altadena   placerville   cathedral city  0 moorpark 0  huntington park   newhall 0  coronado   north hills   orinda   ramona   aptos   porter ranch   trabuco canyon  0 la verne   panorama city   pittsburg   arroyo grande   yucaipa   colton   azusa   carmel   pico rivera   lincoln   pacoima   truckee   benicia   south lake tahoe   hanford 0  atascadero   lakeside   norco   montclair   winnetka  00 alamo 0 you must be signed in to print once signed in look for the pdf button contact  dm development dm development firm philosophy principals danielle dignan mark macdonald management jonathan beck jaqui braver geoffrey herrick brett leon navid sarrafzadeh projects  octavia 00 grove 0 hayes  tennessee 0 doheny  third  grove  van ness 0 lombard parcel t the reserve  laguna press contact  octavia 00 grove 0 hayes  tennessee 0 doheny  third  grove  van ness 0 lombard parcel t the reserve  laguna contact dm development partners llc  linden streetsan francisco ca  t    f     infodmdevcom wwwdmdevcom home  contact danielle dignan principal danielledmdevcom    mark macdonald principal markdmdevcom    stay connected receive project updates event updates company announcements opportunities for you to connect with our architects and more contact dm development  infodmdevcom 0 dm development sections firm projects press contact dm development is a real estate development and investment firm based in san francisco dm development sets new standards for residential development by creating and investing in projects that combine bold architectural design with progressive sustainability features to enrich communities and redefine modern living dm  employer identification number registry tweet change text size   sign in   documentation   contact us lookups soaprest api medicare payerseins crosswalks 00 claim form library validation all services medical data services medical coding library ein codes d dm dm  employer identification number registry this directory contains 0 employer identification numbers a business needs an ein in order to pay employees and to file business tax returns to be considered a partnership llc corporation s corporation nonprofit etc a business must obtain an ein those business that do not are considered proprietorships and the owner  operator ssn is used on any tax documents also financial institutions such as banks credit unions and brokerage houses will not open an account for a corporation without an ein   dm public interest fellowshipbusiness address  spruce st san leandro ca mailing address not on file  dm pulse mediabusiness address po box 0 waverly ia 0mailing address not on file  dm solomon family foundation centerbusiness address po box  new york ny 00mailing address not on file  dm foundationbusiness address  e rd st new york ny 00mailing address not on file  dm ranchbusiness address 0 sd hwy  buffalo gap sd 0mailing address not on file  dm multiplied incbusiness address po box  beaumont tx mailing address not on file  dm central texas ministry incbusiness address 00 bluebonnet dr round rock tx mailing address not on file  dm public interest fellowshipbusiness address  spruce st san leandro ca mailing address  e th st apt a new york ny   dm pulse mediabusiness address po box 0 waverly ia mailing address  park nd ave nw waverly ia   dm ranchbusiness address 0 sd hwy  buffalo gap sd mailing address 0 sd hwy  buffalo gap sd   dm central texas ministry incbusiness address 00 bluebonnet dr round rock tx mailing address 00 bluebonnet dr round rock tx   dm classic bowling leaguebusiness address  n salero view road vail az mailing address  n salero view road vail az   dm training associationbusiness address po box 0 tucson az 0mailing address po box 0 tucson az 0  dm solomon family foundation centerbusiness address  new york nymailing address not on file  dm foundationbusiness address  new york nymailing address not on file  dm public interest fellowshipbusiness address  san leandro camailing address not on file  dm pulse mediabusiness address  waverly iamailing address not on file  dm multiplied incbusiness address  beaumont txmailing address not on file  dm ranchbusiness address  buffalo gap sdmailing address not on file  dm central texas ministry incbusiness address  round rock txmailing address not on file  dm clubbusiness address  th st riverside ca 0mailing address not on file  dm pacbusiness address  tallahassee fl 0mailing address  s monroe st ste  tallahassee fl 0  dm concessions incbusiness address mailing address  cedar grove terrace richmond va   dm petroleum operations companybusiness address mailing address 0 s clearview pkwy new orleans la 00  dm burr facilities management incbusiness address  holiday dr flint mi 0mailing address  holiday dr flint mi 0  dm groupbusiness address mailing address  ketch road prince frederick md   dm groupbusiness address  ketch road prince frederick md mailing address not on file  dm companies incbusiness address mailing address  west big beaver rd suite 00 troy mi   dm summit enterprises incbusiness address mailing address 0 keystone fairway dr houston tx   dm group lcbusiness address mailing address  ketch road prince frederick md   dm luxury llcbusiness address mailing address 0 peachtree rd nw suite 00 atlanta ga   dm petroleum operations companybusiness address mailing address 0 south clearview parkway new orleans la   dm luxury llcbusiness address mailing address 0 peachtree road nw suite 00 atlanta ga   dm manufacturing incbusiness address mailing address not on file0  dm natural products incbusiness address mailing address not on file0  dm management group incbusiness address mailing address not on file  dm bruce associates llcbusiness address mailing address not on file  dm color express incbusiness address mailing address not on file  dmstat innovative solutions incbusiness address mailing address not on file0  dm industries incbusiness address mailing address not on file  dm cross associates llcbusiness address mailing address not on file  dm transportation management services incbusiness address mailing address not on file  dm analytics llcbusiness address mailing address not on file  dm logistics incbusiness address mailing address not on file  dm airports ltdbusiness address mailing address not on file  dm wood incbusiness address mailing address not on file  dm clark companies incbusiness address mailing address not on file  dm clark companies incbusiness address  sandy hollow road rockford il mailing address not on file00  dm constructors llcbusiness address mailing address not on file  dm  e corporationbusiness address mailing address not on file  dm tool  plastics incbusiness address mailing address not on file  dm accounting services incbusiness address mailing address not on file  dm williams funeral home incbusiness address mailing address not on file00  dmm farms incbusiness address mailing address not on file0  dm karting incbusiness address mailing address not on file0  dm karting incbusiness address  e blithedale ave  mill valley ca mailing address not on file0  dm systems inc 0kbusiness address mailing address not on filens  dm lovitt insurancebusiness address po box  tucson az 0mailing address not on filens  dm burrell and assoc other agentsbusiness address po box  waynesville nc mailing address not on filens  dm burrell  associatesbusiness address po box  waynesville nc mailing address not on file  dm siegel ltdbusiness address mailing address not on file  dm siegel ltdbusiness address mailing address not on file  dm multiplied incbusiness address  harlingen txmailing address not on file  dm multiplied incbusiness address po box  harlingen tx mailing address not on file  dm multiplied incbusiness address  new braunfels txmailing address not on file  dm multiplied incbusiness address 0 white water rd new braunfels tx mailing address not on file  dm pulse mediabusiness address  sw th st ankeny ia 0mailing address  sw th st ankeny ia 00  dm pulse mediabusiness address  park nd ave nw waverly ia mailing address not on file  dm pulse mediabusiness address  ankeny iamailing address not on file  dm pulse mediabusiness address  sw th st ankeny ia 0mailing address not on file  dm public interest fellowshipbusiness address  battery st suite 0 san francisco ca mailing address  battery st suite 0 san francisco ca  dm public interest fellowshipbusiness address  san francisco camailing address not on file  dm public interest fellowshipbusiness address  battery st ste 0 san francisco ca mailing address not on file0  dm associates limited partnershipbusiness address dairy mart convenience stores inc one vision dr enfield ct mailing address co dairy mart convenience stores inc one vision drive enfield ct0  dm natural products incbusiness address 0 dearborn street chatsworth ca mailing address 0 dearborn street chatsworth ca0  dm residential fund ii llcbusiness address  rosecrans avenue suite  el segundo ca mailing address  rosecrans avenue suite  el segundo ca0  dm products incbusiness address po box  walnut creek ca mailing address po box  walnut creek ca  dm canada llcbusiness address  dtc boulevard suite  denver co mailing address  dtc boulevard suite  denver co  dm fund llcbusiness address  west bryn mawr ave th fl chicago il mailing address  west bryn mawr ave th fl chicago ilns  dm insurance ltdbusiness address one vision drive enfield ct mailing address one vision drive enfield ct  dm nashville llcbusiness address 0 yamato rd suite 0 boca raton fl mailing address 0 yamato rd suite 0 boca raton fl  dm technologies llcbusiness address  river street po box  sanford me 0mailing address  river street po box  sanford mens  dm video productions incbusiness address 00 gibson point solano beach ca mailing address not on file  dm charitable remainder unitrustbusiness address 0 matthews st ste  goshen ny 0mailing address not on file  dm 0 lombard holdings member llcbusiness address  linden street san francisco ca mailing address  linden street san francisco ca   dm  van ness holdings member llcbusiness address  linden street san francisco ca mailing address  linden street san francisco ca  join faq sign up about us contact us terms of use privacy policy our customers site map products  apis buy medical data cloud restsoap api 00 claim form to edi crosswalk services validation services npi registry trends documentation api information npi service faq rest api test drive medical coding trainer medical coding library medical coding library npi registry hcpcs directory national drug codes icdcm codes icd0cm codes icd0 drugs  chemicals loinc codes directory msdrgs animal drug products naics code directory medical devices gudid ein directory cms forms validation services all validation services hipaaedi validation npi validation upin validation ein validation itin validation clia validation duns validation duns validation dea validation tns validation hin validation upc code validation nhric code validation lookup services npi number lookup hcpcs codes lookup ndc number lookup icd codes lookup icd0 codes lookup icd0 drugs substance lookup clia codes lookup naics codes lookup loinc codes lookup drg lookup taxonomy codes lookup animal drug products lookup global medical devices lookup pqrs quality measures lookup rxnorm concept id lookup copyright  000 powered by swiss vault engine all rights reserved hipaa liability trademark document use and software licensing rules apply all registered trademarks used in the content are the property of their owners your interactions with this site are in accordance with our terms of use and privacy policy the loinc table loinc codes and loinc panels and forms file are copyright  0 regenstrief institute inc